study_label,rr,ci_lower,ci_upper,weight_pct,p_score,rank,sucra,sensitivity_flag
"Wong et al., 2020",0.32,0.07,1.47,5.4,0.9,1,0.92,Primary
"Riboh et al., 2009",0.41,0.12,1.44,8,0.87,2,0.89,Primary
"Emami et al., 2015",0.49,0.16,1.46,10.2,0.84,3,0.86,Primary
"Witt et al., 2018",0.53,0.19,1.43,12.3,0.8,4,0.82,Leave-1-out stable
"Hawkins et al., 2019",0.38,0.08,1.76,5.3,0.77,5,0.79,Primary
"Bruzoni et al., 2017",0.48,0.13,1.72,7.6,0.74,6,0.76,Primary
"Pastor et al., 2008",0.55,0.18,1.68,9.9,0.71,7,0.73,Primary
"Poola et al., 2018",0.61,0.22,1.67,12,0.68,8,0.7,Leave-1-out stable
"Joharifard et al., 2022",0.48,0.14,1.69,7.7,0.65,9,0.67,Primary
"Owen et al., 2006",0.48,0.1,2.3,5,0.61,10,0.63,Primary
"Lobo et al., 2010",0.57,0.16,2.12,7.2,0.58,11,0.6,Primary
"Tsai et al., 2010",0.64,0.2,2.02,9.4,0.55,12,0.57,Primary
